{
    "alloyCost": 50000,
    "quantumCoresCost": 0,
    "shootInterval": 3.0,
    "particlesPerShot": 1,
    "damage": 528.0,
    "burstInterval": 0.30000001192092898,
    "burstAmount": 3,
    "reloadTime": 6.099999904632568,
    "continuousReload": false,
    "ammo": 3,
    "barrelAmount": 3,
    "barrelSelectionBasedOnAmmoCount": true,
    "bulletSpeed": 60.0,
    "bulletLifeTime": 4.0,
    "bulletTimeAliveAfterHit": 2.0,
    "bulletSize": 0.05000000074505806,
    "range": 1500.0,
    "verticalSpread": 0.30000001192092898,
    "horizontalSpread": 0.30000001192092898,
    "explosionRange": 3.0,
    "guidedBullet": true,
    "homingNoiseFrequency": 1.5,
    "homingNoiseAmplitude": 1.5,
    "homingStrength": 10.0,
    "upwardRiseTime": 0.4000000059604645,
    "upwardRiseStrength": 0.4000000059604645,
    "arcBullet": false,
    "arcLaunchAngle": 0.0,
    "arcLaunchAngleRandomness": 0.0,
    "minArcEndpointRange": 0.0,
    "maxArcEndpointRange": 0.0,
    "ammoType": 4,
    "weaponType": 6,
    "weaponClass": 2,
    "bulletType": 2,
    "hitType": 2,
    "reloadAnimation": {
        "instanceID": 0
    },
    "weaponMuzzles": [
        {
            "x": -0.05000000074505806,
            "y": 0.07000000029802323,
            "z": 0.4000000059604645
        },
        {
            "x": 0.0,
            "y": 0.009999999776482582,
            "z": 0.4000000059604645
        },
        {
            "x": 0.05000000074505806,
            "y": 0.07000000029802323,
            "z": 0.4000000059604645
        }
    ],
    "weaponPrefab": {
        "instanceID": 83322
    },
    "cameraShakeIntensity": 1.0
}