{
    "alloyCost": 50000,
    "quantumCoresCost": 0,
    "shootInterval": 1.5,
    "particlesPerShot": 1,
    "damage": 562.0,
    "burstInterval": 0.0,
    "burstAmount": 0,
    "reloadTime": 9.0,
    "continuousReload": false,
    "ammo": 4,
    "barrelAmount": 4,
    "barrelSelectionBasedOnAmmoCount": true,
    "bulletSpeed": 60.0,
    "bulletLifeTime": 4.0,
    "bulletTimeAliveAfterHit": 2.0,
    "bulletSize": 0.05000000074505806,
    "range": 1500.0,
    "verticalSpread": 0.30000001192092898,
    "horizontalSpread": 0.30000001192092898,
    "explosionRange": 5.0,
    "guidedBullet": true,
    "homingNoiseFrequency": 1.5,
    "homingNoiseAmplitude": 1.5,
    "homingStrength": 10.0,
    "upwardRiseTime": 0.5,
    "upwardRiseStrength": 0.4000000059604645,
    "arcBullet": false,
    "arcLaunchAngle": 0.0,
    "arcLaunchAngleRandomness": 0.0,
    "minArcEndpointRange": 0.0,
    "maxArcEndpointRange": 0.0,
    "ammoType": 4,
    "weaponType": 5,
    "weaponClass": 1,
    "bulletType": 1,
    "hitType": 1,
    "reloadAnimation": {
        "instanceID": 0
    },
    "weaponMuzzles": [
        {
            "x": -0.10000000149011612,
            "y": 0.18000000715255738,
            "z": 0.5
        },
        {
            "x": -0.10000000149011612,
            "y": 0.019999999552965165,
            "z": 0.5
        },
        {
            "x": 0.10000000149011612,
            "y": 0.019999999552965165,
            "z": 0.5
        },
        {
            "x": 0.10000000149011612,
            "y": 0.18000000715255738,
            "z": 0.5
        }
    ],
    "weaponPrefab": {
        "instanceID": 234926
    },
    "cameraShakeIntensity": 1.25
}