{
    "alloyCost": 0,
    "quantumCoresCost": 1000,
    "hp": 107200,
    "moveSpeed": 2.9000000953674318,
    "slopePushdownSpeedMultiplier": 7.0,
    "maxSlopeAngle": 50.0,
    "abilityType": 6,
    "abilityWeaponMounts": [],
    "weaponTypesOnAbilityWeaponMounts": [],
    "weaponMounts": [
        {
            "x": -0.800000011920929,
            "y": 4.199999809265137,
            "z": -0.19999980926513673
        },
        {
            "x": 0.010999977588653565,
            "y": 4.190000057220459,
            "z": -0.39999985694885256
        },
        {
            "x": 0.7999999523162842,
            "y": 4.199999809265137,
            "z": -0.19999980926513673
        }
    ],
    "weaponClassOnWeaponMounts": [
        1,
        2,
        1
    ],
    "robotPrefab": {
        "instanceID": 83320
    },
    "robotType": 9,
    "robotMovementType": 1,
    "shieldType": 0,
    "buildInShieldParameterHolder": {
        "instanceID": 0
    }
}