{
    "alloyCost": 0,
    "quantumCoresCost": 1000,
    "hp": 137200,
    "moveSpeed": 2.9000000953674318,
    "abilityType": 6,
    "maxSlopeAngle": 50.0,
    "slopePushdownSpeedMultiplier": 7.0,
    "weaponMounts": [
        {
            "x": -0.800000011920929,
            "y": 4.245999813079834,
            "z": -0.3249995708465576
        },
        {
            "x": 0.010999966412782669,
            "y": 4.324999809265137,
            "z": -0.39999961853027346
        },
        {
            "x": 0.7999999523162842,
            "y": 4.245999813079834,
            "z": -0.3249995708465576
        }
    ],
    "weaponClassOnWeaponMounts": [
        1,
        1,
        1
    ],
    "robotPrefab": {
        "instanceID": 83060
    },
    "robotType": 9,
    "robotMovementType": 1,
    "shieldType": 0,
    "buildInShieldParameterHolder": {
        "instanceID": 0
    }
}