{
    "alloyCost": 0,
    "quantumCoresCost": 1000,
    "hp": 100000,
    "moveSpeed": 6.0,
    "abilityType": 10,
    "maxSlopeAngle": 50.0,
    "slopePushdownSpeedMultiplier": 7.0,
    "weaponMounts": [
        {
            "x": -0.3821936547756195,
            "y": 3.999999523162842,
            "z": 0.27399957180023196
        },
        {
            "x": 0.38380634784698489,
            "y": 3.999999523162842,
            "z": 0.27399957180023196
        }
    ],
    "weaponClassOnWeaponMounts": [
        0,
        0
    ],
    "robotPrefab": {
        "instanceID": 227086
    },
    "robotType": 10,
    "robotMovementType": 2,
    "shieldType": 0,
    "buildInShieldParameterHolder": {
        "instanceID": 0
    }
}