{
    "alloyCost": 0,
    "quantumCoresCost": 100000,
    "hp": 184200,
    "moveSpeed": 4.300000190734863,
    "slopePushdownSpeedMultiplier": 7.0,
    "maxSlopeAngle": 50.0,
    "abilityType": 10,
    "abilityWeaponMounts": [
        {
            "x": 0.9608067274093628,
            "y": 3.560002326965332,
            "z": 1.088000774383545
        },
        {
            "x": -0.9591939449310303,
            "y": 3.560002326965332,
            "z": 1.088000774383545
        }
    ],
    "weaponTypesOnAbilityWeaponMounts": [
        19,
        19
    ],
    "weaponMounts": [
        {
            "x": -0.3821936547756195,
            "y": 3.8999996185302736,
            "z": 0.27399957180023196
        },
        {
            "x": 0.38380634784698489,
            "y": 3.8999996185302736,
            "z": 0.27399957180023196
        }
    ],
    "weaponClassOnWeaponMounts": [
        2,
        2
    ],
    "robotPrefab": {
        "instanceID": 85856
    },
    "robotType": 10,
    "robotMovementType": 2,
    "shieldType": 0,
    "buildInShieldParameterHolder": {
        "instanceID": 0
    }
}