{
    "alloyCost": 0,
    "quantumCoresCost": 250000,
    "hp": 178800,
    "moveSpeed": 2.0999999046325685,
    "slopePushdownSpeedMultiplier": 7.0,
    "maxSlopeAngle": 50.0,
    "abilityType": 11,
    "abilityWeaponMounts": [],
    "weaponTypesOnAbilityWeaponMounts": [],
    "weaponMounts": [
        {
            "x": -0.8999922275543213,
            "y": 4.05999755859375,
            "z": 0.020991802215576173
        },
        {
            "x": -0.3479924201965332,
            "y": 4.089998245239258,
            "z": 0.13499164581298829
        },
        {
            "x": 0.34800761938095095,
            "y": 4.090001106262207,
            "z": 0.13499116897583009
        }
    ],
    "weaponClassOnWeaponMounts": [
        2,
        2,
        2
    ],
    "robotPrefab": {
        "instanceID": 77548
    },
    "robotType": 11,
    "robotMovementType": 1,
    "shieldType": 4,
    "buildInShieldParameterHolder": {
        "instanceID": 77550
    }
}