{
    "alloyCost": 0,
    "quantumCoresCost": 250000,
    "hp": 112800,
    "moveSpeed": 2.0999999046325685,
    "slopePushdownSpeedMultiplier": 7.0,
    "maxSlopeAngle": 50.0,
    "abilityType": 12,
    "abilityWeaponMounts": [
        {
            "x": 1.862645149230957e-9,
            "y": 3.8600025177001955,
            "z": 0.10000038146972656
        }
    ],
    "weaponTypesOnAbilityWeaponMounts": [
        22
    ],
    "weaponMounts": [
        {
            "x": -0.824999988079071,
            "y": 4.239999771118164,
            "z": -0.5289998054504395
        },
        {
            "x": 0.824999988079071,
            "y": 4.239999771118164,
            "z": -0.5289998054504395
        }
    ],
    "weaponClassOnWeaponMounts": [
        1,
        1
    ],
    "robotPrefab": {
        "instanceID": 166100
    },
    "robotType": 12,
    "robotMovementType": 1,
    "shieldType": 0,
    "buildInShieldParameterHolder": {
        "instanceID": 0
    }
}