{
    "alloyCost": 0,
    "quantumCoresCost": 1000,
    "hp": 99000,
    "moveSpeed": 5.0,
    "abilityType": 7,
    "maxSlopeAngle": 50.0,
    "slopePushdownSpeedMultiplier": 7.0,
    "weaponMounts": [
        {
            "x": -0.3499999940395355,
            "y": 3.940000295639038,
            "z": -0.09999966621398926
        },
        {
            "x": 0.34999996423721316,
            "y": 3.93999981880188,
            "z": -0.09999966621398926
        }
    ],
    "weaponClassOnWeaponMounts": [
        2,
        1
    ],
    "robotPrefab": {
        "instanceID": 83342
    },
    "robotType": 8,
    "robotMovementType": 1,
    "shieldType": 0,
    "buildInShieldParameterHolder": {
        "instanceID": 0
    }
}