{
    "alloyCost": 75000,
    "quantumCoresCost": 0,
    "hp": 115000,
    "moveSpeed": 2.0999999046325685,
    "abilityType": 2,
    "maxSlopeAngle": 50.0,
    "slopePushdownSpeedMultiplier": 7.0,
    "weaponMounts": [
        {
            "x": -0.7999999523162842,
            "y": 4.145999431610107,
            "z": -0.5290005207061768
        },
        {
            "x": 0.01099999900907278,
            "y": 4.145999431610107,
            "z": -0.5290005207061768
        },
        {
            "x": 0.7999998331069946,
            "y": 4.145999908447266,
            "z": -0.5290005207061768
        }
    ],
    "weaponClassOnWeaponMounts": [
        1,
        1,
        1
    ],
    "robotPrefab": {
        "instanceID": 83334
    },
    "robotType": 4,
    "robotMovementType": 1,
    "shieldType": 0,
    "buildInShieldParameterHolder": {
        "instanceID": 0
    }
}