{
    "alloyCost": 75000,
    "quantumCoresCost": 0,
    "hp": 122000,
    "moveSpeed": 2.0,
    "slopePushdownSpeedMultiplier": 7.0,
    "maxSlopeAngle": 50.0,
    "abilityType": 3,
    "abilityWeaponMounts": [],
    "weaponTypesOnAbilityWeaponMounts": [],
    "weaponMounts": [
        {
            "x": -0.8999922275543213,
            "y": 4.05999755859375,
            "z": 0.020991802215576173
        },
        {
            "x": -0.3479924201965332,
            "y": 4.089998245239258,
            "z": 0.13499164581298829
        },
        {
            "x": 0.34800761938095095,
            "y": 4.090001106262207,
            "z": 0.13499116897583009
        },
        {
            "x": 0.9000076055526733,
            "y": 4.060001850128174,
            "z": 0.020991086959838868
        }
    ],
    "weaponClassOnWeaponMounts": [
        2,
        1,
        1,
        2
    ],
    "robotPrefab": {
        "instanceID": 83298
    },
    "robotType": 3,
    "robotMovementType": 1,
    "shieldType": 0,
    "buildInShieldParameterHolder": {
        "instanceID": 0
    }
}